id,object_id,image,created,active,content_type_id,userObject_id
1,1,landmarks_images/Salah_ElDin_Citadil/citadel-5.jpg,2023-06-16 22:48:04.857384+00,t,15,1
2,1,landmarks_images/Salah_ElDin_Citadil/50435.jpg,2023-06-16 22:48:04.986558+00,t,15,1
3,1,landmarks_images/Salah_ElDin_Citadil/dsc_7968.jpg,2023-06-16 22:48:05.053386+00,t,15,1
4,1,landmarks_images/Salah_ElDin_Citadil/SalahElDin-Citadel2.jpg,2023-06-16 22:48:05.264585+00,t,15,1
6,1,landmarks_images/Salah_ElDin_Citadil/download.jpg,2023-06-16 22:48:05.572575+00,t,15,1
7,2,reviews_images/#2/IMG_20191228_090046_feature.jpg,2023-06-16 23:06:56.63758+00,t,25,1
8,11,reviews_images/#11/19_2021-637531390842870206-287.jpg,2023-06-19 00:44:18.599393+00,t,25,1
9,14,reviews_images/#14/appstore.png,2023-06-19 01:15:26.620735+00,t,25,1
10,1,landmarks_images/Salah_ElDin_Citadil/logo.png,2023-06-25 18:01:37.927785+00,t,15,1
11,1,landmarks_images/Salah_ElDin_Citadil/IMG-20230625-WA0186.jpg,2023-06-25 22:48:27.222526+00,t,15,5
12,1,landmarks_images/Salah_ElDin_Citadil/IMG-20230625-WA0145.jpg,2023-06-25 23:15:32.428935+00,t,15,5
13,37,landmarks_images/mmmm/IMG-20230625-WA0241.jpg,2023-06-25 23:23:49.026806+00,t,15,5
14,38,landmarks_images/mmmmgg/IMG-20230626-WA0015.jpg,2023-06-25 23:29:29.047334+00,t,15,5
15,38,landmarks_images/mmmmgg/IMG-20230626-WA0015_9pBgmTC.jpg,2023-06-25 23:34:01.521426+00,t,15,5
